<?xml version="1.0" encoding="utf-8"?>
<FrameLayout xmlns:android="http://schemas.android.com/apk/res/android"
    xmlns:app="http://schemas.android.com/apk/res-auto"
    android:layout_width="match_parent"
    android:layout_height="match_parent">

    <!-- 背景图片 -->
    <ImageView
        android:layout_width="match_parent"
        android:layout_height="match_parent"
        android:scaleType="centerCrop"
        android:src="@drawable/img_2" />

    <!-- 覆盖一层较浅的半透明遮罩 -->
    <View
        android:layout_width="match_parent"
        android:layout_height="match_parent"
        android:background="#77000000" />

    <LinearLayout
        android:layout_width="match_parent"
        android:layout_height="match_parent"
        android:orientation="vertical"
        android:padding="16dp">

        <RelativeLayout
            android:layout_width="match_parent"
            android:layout_height="wrap_content">
            <ImageButton
                android:id="@+id/btn_back"
                android:layout_width="48dp"
                android:layout_height="48dp"
                android:src="@android:drawable/ic_menu_revert"
                android:background="?attr/selectableItemBackgroundBorderless"
                app:tint="#FFFFFF"
                android:contentDescription="Back" />
            
            <TextView
                android:layout_width="wrap_content"
                android:layout_height="wrap_content"
                android:layout_centerInParent="true"
                android:text="@string/nav_tips"
                android:textSize="22sp"
                android:textStyle="bold"
                android:textColor="#FFFFFF"/>
        </RelativeLayout>

        <ScrollView
            android:layout_width="match_parent"
            android:layout_height="match_parent"
            android:layout_marginTop="16dp"
            android:scrollbars="none">

            <LinearLayout
                android:layout_width="match_parent"
                android:layout_height="wrap_content"
                android:orientation="vertical">

                <androidx.cardview.widget.CardView
                    android:layout_width="match_parent"
                    android:layout_height="wrap_content"
                    android:layout_margin="8dp"
                    app:cardCornerRadius="12dp"
                    app:cardElevation="4dp"
                    app:cardBackgroundColor="#CCFFFFFF">
                    <TextView
                        android:layout_width="match_parent"
                        android:layout_height="wrap_content"
                        android:padding="16dp"
                        android:text="1. 运动前热身：在进行正式运动前，一定要进行5-10分钟的热身运动，激活肌肉和关节，预防损伤。"
                        android:textSize="16sp"
                        android:textColor="@color/text_main"
                        android:lineSpacingExtra="4dp"/>
                </androidx.cardview.widget.CardView>

                <androidx.cardview.widget.CardView
                    android:layout_width="match_parent"
                    android:layout_height="wrap_content"
                    android:layout_margin="8dp"
                    app:cardCornerRadius="12dp"
                    app:cardElevation="4dp"
                    app:cardBackgroundColor="#CCFFFFFF">
                    <TextView
                        android:layout_width="match_parent"
                        android:layout_height="wrap_content"
                        android:padding="16dp"
                        android:text="2. 规律作息：保证充足的睡眠是身体恢复的关键，建议每晚保持7-8小时的睡眠。"
                        android:textSize="16sp"
                        android:textColor="@color/text_main"
                        android:lineSpacingExtra="4dp"/>
                </androidx.cardview.widget.CardView>

                <androidx.cardview.widget.CardView
                    android:layout_width="match_parent"
                    android:layout_height="wrap_content"
                    android:layout_margin="8dp"
                    app:cardCornerRadius="12dp"
                    app:cardElevation="4dp"
                    app:cardBackgroundColor="#CCFFFFFF">
                    <TextView
                        android:layout_width="match_parent"
                        android:layout_height="wrap_content"
                        android:padding="16dp"
                        android:text="3. 均衡饮食：多吃新鲜蔬菜水果，摄入优质蛋白质，减少高糖高油食物的摄入。"
                        android:textSize="16sp"
                        android:textColor="@color/text_main"
                        android:lineSpacingExtra="4dp"/>
                </androidx.cardview.widget.CardView>

                <androidx.cardview.widget.CardView
                    android:layout_width="match_parent"
                    android:layout_height="wrap_content"
                    android:layout_margin="8dp"
                    app:cardCornerRadius="12dp"
                    app:cardElevation="4dp"
                    app:cardBackgroundColor="#CCFFFFFF">
                    <TextView
                        android:layout_width="match_parent"
                        android:layout_height="wrap_content"
                        android:padding="16dp"
                        android:text="4. 适量饮水：运动过程中应少量多次饮水，补充排汗流失的水分，维持身体平衡。"
                        android:textSize="16sp"
                        android:textColor="@color/text_main"
                        android:lineSpacingExtra="4dp"/>
                </androidx.cardview.widget.CardView>
                
                <View
                    android:layout_width="match_parent"
                    android:layout_height="20dp"/>

            </LinearLayout>
        </ScrollView>

    </LinearLayout>
</FrameLayout>