<resources>
    <string name="app_name">活力运动 (KeepPlus)</string>
    <string name="author">王子涵</string>
    <string name="menu_about">关于</string>
    <string name="about_title">关于作者</string>
    <string name="about_content">作者：王子涵\n专业：人工智能\n系统版本：v1.0\n这是一个记录汗水与成长的运动小助手。</string>
    
    <string name="nav_home">首页</string>
    <string name="nav_records">运动记录</string>
    <string name="nav_add">添加运动</string>
    <string name="nav_steps">计步器</string>
    <string name="nav_tips">健康小贴士</string>
    <string name="nav_profile">个人中心</string>

    <string name="btn_save">保存</string>
    <string name="btn_back">返回</string>
    <string name="label_type">运动类型</string>
    <string name="label_duration">时长 (分钟)</string>
    <string name="label_date">日期</string>
    
    <string name="hint_duration">请输入时长</string>
    
    <string name="profile_bio_title">个人简介</string>
    <string name="profile_bio_content">热爱生活，享受运动带来的快乐！希望这个小程序能陪伴你走过每一段路，记录你的每一份坚持。</string>
    <string name="system_intro_title">系统简介</string>
    <string name="system_intro_content">活力运动 (KeepPlus) 是你的健康好管家！它可以帮你记下每天走的步数和运动的心情。让我们一起流汗，一起变强！</string>
</resources>